X1,X2,X3,X4,X5,X6,X7,X8,X9,X10,X11,X12,X13,X14,X15,X16,X17,X18,X19,X20,y,d
0.775866366300426,-0.949333292109213,-0.960751105410364,1.22282828862935,-1.76657989170543,-2.91438467236387,0.57073410429815,-1.38468240469038,0.859531519292212,-2.17974472872478,3.47496529975919,-0.909078273297468,-1.17046542943311,-0.83446305267023,-3.0030820265481,-2.44031596960621,-4.01221788878588,-2.33988156735499,-0.116375877888886,-0.452609812087788,3.09205827469706,1.10718428628271
3.62582940422171,-2.55033460249071,-2.07563272356925,-0.69570491628518,-2.79493110224362,-1.99442838072012,-0.861584088960723,-1.65532645305465,-0.84560386287326,-1.14973448462825,-4.56293321920728,-1.24557208418819,-1.90346604055779,-2.7555772725268,-0.19951659395198,2.15056560161584,3.23788322469808,-1.27034799183492,3.21500925724562,-1.55289214574679,2.03333339671825,-0.243059590731895
0.484627055480853,6.19702403801412,-0.270189972380899,-1.76822651462556,-0.350643386691069,3.65719805385325,-1.09972876290519,1.9865503136908,2.4955875786227,0.752875897101147,-0.559859034452161,-1.38291318130641,-0.86246245521299,1.17605357773949,3.83879572661124,-1.56364132897235,-2.74519723984909,-1.47230305043717,0.0729956970100173,-0.926620543020478,1.89772888711074,0.125057667559928
-0.278546083872425,-0.634336728393382,-3.59602310943735,-0.472970270061712,2.32424793478489,1.27075972195962,0.680271398220782,-0.889471860172015,-1.08464891085613,-2.85871755937864,-0.47199251190986,0.467721193524894,3.13028300417702,2.58760931546144,-0.995111606708666,0.39269545216324,-2.20039219899099,1.55595834204245,1.46393570649934,3.56904206904544,0.656957619440537,2.97152979679243
0.430842947128329,-1.3342723923417,0.108821158036177,-1.30707506637978,-2.54968083520449,0.120182789370356,-0.908781339478948,0.156289275916237,0.606427617391257,-0.138434043047662,-0.715545400938413,-1.66734970343529,-2.14638371359183,2.33105967765033,0.00757272784821482,2.06583419546935,-2.39111694331938,0.266078264446542,0.984442183011897,-0.169132413805376,-1.43447868097761,-0.933146545949713
-0.962096426993181,-1.9577121513582,5.26615667587877,1.93638014912168,5.46393340698447,0.354564852161127,-0.865776209994399,-2.7808423435888,-1.5186297727721,0.541281710530553,2.82563020200856,0.645341803726632,-2.23226278907824,2.2166385575563,-3.15805423334837,-0.841551568834532,-0.614228102102687,-3.61873206733018,1.3322280613587,-1.20060126571259,0.723086907007094,0.541458161151763
-0.96898348361177,3.47107460438713,1.56221336890772,-0.293770983445783,1.42344318300918,0.730618964783911,1.67001758265292,0.266857643286514,1.01723970779943,0.80890375839873,-1.19525344688131,0.144117098270925,3.00622723244507,-2.90260853394969,0.184330333521138,3.65039842770612,-0.496176346599478,-2.00822955256506,-1.64071647156216,-0.878406254270276,-0.00896793156926387,-1.34172918692593
-1.00372435493597,-0.58913631051006,-1.01353717236627,-0.459988384034426,1.27634464215829,1.84418341881149,1.75419769955524,-0.00134455092878831,-0.616979642824119,3.50047504346769,4.71719022453962,0.169438482795814,-0.580194967441253,-5.38458252754143,2.71721965777329,-2.20035932015737,-2.09434132284758,5.65107422203318,0.494252135357676,0.0468745403383321,-1.08133476563907,0.517475204798167
-6.52850295424676,-0.198524006218709,2.5119265745469,1.07180880334204,2.82677598375723,5.33957885480357,0.501211807215314,-1.47450614313839,2.08524695136165,-0.471141919687421,-1.30422705263652,-6.92631005584983,-1.64134180359075,1.83447957727697,4.04340061734249,1.88053527831418,1.07238138992958,-1.92290720532091,-0.485283079345216,-4.1656901902016,-0.469356472788139,1.08640994156236
1.58153612667081,1.66354295706082,0.408232500353708,1.78486172938684,0.774954447799807,1.62206046469361,2.22311926941996,2.05703000430634,-0.302226702428059,-2.65718303593747,0.898063540518163,-1.05939522838477,2.82074011848718,-5.27541586980312,-0.789588727333138,0.740740862311737,-0.282136337665203,-1.10385228734164,-0.311072788607624,1.19598798648502,0.224387276763527,-2.27814417428661
3.08460534145663,1.75180070253206,5.81964921510772,3.02446147294436,0.855160056210127,-1.57763934322834,3.47783615720922,1.67323765622091,-1.68377660067504,0.454653071053888,-0.812779595535923,-0.603187621905778,-1.6130034709487,0.346138728724184,0.692305487569329,-3.12195749901393,-6.01925260366471,-0.343090392393772,0.622056085228978,1.47027501616897,1.58584858143099,-0.253070407331398
0.268080493751626,0.92991527914772,-2.86306948647438,1.81098441470972,1.99332719147516,0.289266571739092,1.53786104056968,0.638155497073568,0.30849363953532,0.619882708777714,0.952198118663918,2.47651635875123,0.810339435544088,1.69448402080863,-2.19152098341144,-1.53198969319297,2.7651774675396,-2.2876828190532,0.396171187508076,0.647638670018158,2.42929645984679,2.39035503460886
1.99883145883408,-0.975007109775697,0.36410500492254,-4.54388522060407,0.90860527396612,-1.95489026951478,-0.0452743590199634,-2.01271778369979,0.775362147848649,1.57330725572764,-0.961873910467986,4.38143184775432,1.27184327948199,2.65918215466044,3.90891599581331,-2.21311222973963,1.53460883599818,1.83170972528142,0.123560595057018,0.628373496895251,0.763549575210092,-0.622352300473317
-2.52854314370383,1.24451425333001,-1.76730591038658,2.09690423693143,-2.33477594823591,0.940131554747837,-1.18481962962052,-0.659994854632144,-3.97783363441956,0.306115875266196,2.73246761470452,0.460478827149404,-3.38392858326738,-1.72057191558157,3.12258444095729,5.50143520447562,-2.25999676757209,-0.730646654985105,0.276904580446905,0.359668508801919,-0.555489968361929,-1.34621966274531
-1.5792609403757,-2.49500379793197,-0.481372466983286,2.59023942945878,0.0461635537070041,-1.80780750881585,-0.694184827673187,2.61840100426166,-1.30107967897875,1.80262392849112,3.89769822233251,1.03382411915973,-0.86333635157042,-0.171783331809462,-0.97879571945856,3.50148532387145,-0.328437330086046,2.79859231505046,-1.17235495925413,-1.33250207741159,0.712822627461352,0.560803800110856
0.392311702634736,0.115967185488167,-1.25653139150841,-4.05876737548987,0.135846918521352,-1.71695573237551,1.14571975084607,-1.58270690460142,3.13302043185028,-1.53249721955743,0.87342421422154,2.22749776271158,-0.94218145611607,1.80506245419817,-0.146759883504534,-3.15631064730734,-0.48780920338975,3.01569005162584,-0.261318009257092,-1.35572220247336,-1.02826928487145,-0.52170470818277
-0.442581061207672,0.880359557582448,2.44864482768356,2.94547013970115,0.338466458768867,3.12001042044297,-0.909400509482672,-4.18210505589486,-1.1459200287526,-1.22084543762106,-6.17263773090287,1.38720088954983,-1.4872728343087,-0.584373268734239,-3.03024535236704,1.73671926570824,3.56903157704446,-1.63141459106785,-0.273493503510145,3.373450381146,1.17493839664689,1.70208560567649
1.5473988541091,4.77098576228806,-0.0872267741418625,-0.410537114438372,-1.65273041410017,3.33266735204825,-1.19997078949885,0.465203586226692,-0.548531155396283,5.32485598844043,-1.88031487101356,-3.77577611280557,0.394562459118669,-0.481101053828067,-1.62674136928313,-0.104894119578144,-0.550517793610647,-1.28387680952219,0.796841631107466,-0.649120582084757,-0.201062213232001,1.16002186224122
-4.08326471714846,-6.72413402877646,-1.43438673202901,3.75059183895199,2.60513466920464,3.41580577247559,0.591438058744408,0.282037868491256,-3.69641225227544,0.494525006019321,4.47261315662377,-8.20161372720095,-1.53450470744838,3.69123813910522,0.972810579268266,2.72427079966315,0.823706343921421,0.932607456887186,-0.360445221075382,-1.85276732132754,0.810193797586312,1.12707108536754
-1.50896282344446,0.4212493366038,-0.903614290866095,-2.26887737091574,1.54599884612245,1.30049843112459,1.39634002797442,-1.62503278719661,-0.412911620458845,-0.135987278411175,-3.24541326819826,-0.436263766014927,-1.1847126003863,-5.79012070217478,-0.448949525032019,-0.503347840293824,2.24215376619472,-0.996521580425366,1.18470229369472,0.556720112006939,0.457447809951795,-1.34401719115688
-2.40457879368179,1.12446521302329,-0.186832582013389,0.448575733527394,2.12193153334318,0.750699490885439,1.39051447024828,0.193727125036273,-2.82563322245251,1.77856962689287,-3.00735666424325,-4.5448993481315,-1.50241392220991,-1.83285565334807,-1.14144119231286,5.28545991550897,3.10894733137858,1.35145624530538,-2.1775663710437,0.031852821761566,0.939003598154094,0.474104143317929
1.15644745958096,-0.479788812633856,0.372075979627149,-2.44605175856645,-3.94476912644375,3.30571554276383,0.47210689900719,-0.720702260885066,0.476920153726914,4.87836475085809,0.754735816268504,3.33686343575608,2.55432084018617,-1.58309450150595,1.43876464519708,-2.36163156550925,-2.80105518368434,-2.22837302038383,-0.183816365791875,3.1571386366172,2.43116797792036,0.576221372038081
0.0176299972428097,-1.93979572027107,0.649696914509411,1.81080634718932,-3.70839039668256,-2.40370190056593,-2.12768354465977,-2.15530940324304,-1.98478396673057,-0.677533845241726,4.00192109054033,2.25236736797561,0.55470127140409,-1.42622778629781,-0.0507465525735213,2.01426989042987,-0.92555066383231,1.98391875028386,1.83303189764467,-1.98244889237422,1.68994334598218,-1.96591816691654
-2.36089850530255,2.87858607954991,-4.41182055888715,1.0497880584522,0.511598176512735,7.71163449829208,-3.05201887024316,-1.98529737393344,1.15976998650072,3.94062040046116,1.91334327198793,-3.6570275721832,4.03903954664757,-5.78765442874269,-2.22699257654288,-0.741576735902715,4.09132148401239,0.785558853263192,0.672862569555841,2.59067466304774,2.25082410900952,0.833857568843422
2.07504130695713,-3.21561929701112,1.7723899123176,-0.289967192713219,5.18720589574057,-0.828563972548969,-1.37680473850395,0.96484911748291,0.721797690749182,-0.0485087328637589,-2.97052869164831,-2.08366794827248,-0.00622985859805553,2.95014818497248,-0.685755326905043,-2.83070479038575,-5.10285051637216,0.930576530696693,0.858130200322271,2.38979240920749,-0.241210118087635,0.442473179553969
3.18429113671053,-0.43026920353333,3.27534809099164,-0.00495221656645025,-2.09143187517009,-2.38734576758659,-0.0412706160566194,0.606731276934466,-0.278345717224785,0.471889871773044,0.41112842702869,1.70122969889242,-0.465678981872153,4.75417879990714,0.860725617425138,-3.78754207641537,-0.491918456496637,0.998071986075135,-0.384407027005726,0.789229631615315,-1.76992303281463,-0.980532381888057
0.927049961238044,3.40738312255541,-1.6288983804259,-0.0356653028900183,-1.6309297651608,-2.77270582080695,-1.88011107407992,0.469555622197964,1.75603161411919,1.5245623826179,-3.64868649102123,-2.69637178633691,-2.10399311810763,-1.98646141007434,0.351025715772262,1.90214448277706,-1.51176414859411,-5.24558096564663,1.68964399306227,1.19246927778427,0.327389347883421,0.0767165115893439
-1.94840927289981,-2.68386054892235,-0.72657569060816,0.28784253020665,2.23727046005835,3.82794281946232,-1.17352930186708,0.350102163637965,3.76614163154803,-2.13176031672052,-0.45812460528677,-4.25853811303301,0.507144649978852,-1.70399801598626,-1.78050051439863,-1.95204087102842,0.818993508334858,-4.02226649653245,-0.934326886482394,-1.92458848075641,1.25604900524793,2.12206098647237
-2.64706511468679,1.28866414231592,0.929813770793735,-0.265961753762797,1.69186760575912,-1.36483081410669,-2.47863063961876,1.78623470575101,-0.381540941066184,-0.861171799534897,0.562250152623072,1.89928665962066,0.744019227935158,3.09504520185647,0.0558473170906808,-1.1358589396814,-0.605565908090252,1.46218930405577,-1.72881576058487,-1.89210706417631,2.12077528883999,0.901031962158463
1.34621022252869,1.6749674433717,-4.25267039031853,2.03091734606791,0.108754271382021,-0.199730882802902,1.32773311804844,2.90667234218637,-2.75593650877895,2.41535997107162,-1.54807497185962,0.410403623900019,1.00708288390157,0.576851090635297,-2.7270327054397,-1.22442161847114,2.97869486974765,0.404998194159294,-1.03796199817172,-0.883903663186199,-1.04990896415123,-1.15852259298915
1.64431386057237,0.655430981463872,-2.40466267111608,-0.0148283039648251,1.53477563647711,3.83540805818845,-0.747726608973858,-0.841846091318431,1.94742020358816,-1.11808629093078,3.53767111509341,2.35682263159617,-3.20848456360284,0.726201427007791,-2.75766154437149,-5.05812500854893,0.0758264192605109,0.039516842356851,-0.155332629672736,2.06962597328949,0.695821523869767,0.189819452445848
1.00280223591098,-1.62965066328333,0.35649243849528,-1.30937866081812,-0.121010804231118,-2.71611954516464,-0.0266267151282801,0.408604433792578,-1.57607677878887,0.11198779691124,-1.59029947995697,-1.48129547530883,-0.305349082416439,1.68897016117064,-0.343571810595087,0.833705000115062,1.88706082460986,-0.459513063282305,0.0652594996751737,1.09951577806243,1.68419268878038,2.00501066937402
-3.51581121504089,1.55496479153031,-1.2829416085618,-2.90507503480746,-5.02932551536082,-1.41111940468681,-1.75666061789131,-2.34501107286573,4.80063117499278,-2.86093704635346,2.97841617162737,1.42584892303019,-1.71837855765907,-1.35342837048333,-0.80870990260428,1.22284373336411,-0.691729994507288,1.47022927873566,-0.896569088096831,-4.04755882537483,-0.998369725254689,0.248289619738221
0.0763982118797248,-4.72369134845673,2.40584120597981,-1.91781891591758,-3.27122205836072,-1.44555431234046,0.645110858076525,-3.29278221350873,0.767445945161263,-2.30162382188361,0.030483412853329,1.67900987009461,1.10068828628246,4.65100599987324,0.262877516315367,-1.95435034287614,4.09143561818732,-0.535586012609918,1.40679344818322,1.70832599890422,0.332063053646522,-0.431586882925633
1.00797208800077,3.60732026475661,-0.559964833356015,-3.17329364019148,-1.12953484108329,-1.5768911006918,0.466697811133795,-1.60376728137967,1.63271755423964,-2.76701193068428,4.62629168073389,3.48465772748009,-0.842788879723661,0.268385055963893,-0.711827529881866,-3.73577165683532,-5.03172669872075,-0.0417166708048189,0.0175691194906013,2.92039933262492,3.50670410394212,1.30639444022753
-4.09519834882763,-1.59281901158274,2.29516375997048,0.894682849417054,0.499465105718653,-1.3057434315344,-0.178250731213405,-0.619002648034953,0.643442194455921,-1.36114308688334,3.40187798111941,2.64412296405303,2.47584210788553,-0.763207823307423,-0.601253079024286,-0.559255621250296,2.5727477779995,-0.59463625890351,-0.147995070826718,0.489416267334597,-1.61433992786966,-0.390221617658018
1.60682055435585,-0.716511921770356,5.95937189772672,-2.3884849893152,-4.26485853745174,0.0254882186079611,2.0241320983029,0.220610826365365,0.192857174618055,2.04611246180812,-0.32589008760115,0.237440432917067,2.30685737059141,0.166857581158463,-1.41568802581578,1.00389444190191,-2.04369549117874,-2.65975591475438,-0.0273056820365868,-1.82223090262288,1.98862481799835,-0.140032596796795
0.352200780720219,-0.612062983605478,-2.07261589436989,4.14155914010518,-0.539157753789198,3.05585095165959,-0.105640316918571,-0.900140081636192,0.310730297271183,2.41254864981371,6.89919193871642,-2.70105604677196,-0.4720436526787,2.76771115876672,0.573484702466276,-1.27592188210499,-2.54831581318337,-0.616351208056961,-0.587713416580945,-0.426778333479409,2.44280638600437,1.01103035591191
2.95947531053084,-1.05906569377124,-3.94648286156908,1.29325608757699,-0.22575319039356,-0.185425729323344,0.760869942106092,-4.83961540753541,-1.10381417013984,-0.346114116882344,1.82994252591207,-0.527988297962031,-1.79588869240628,1.38845240844119,0.0950440955672355,0.684575433769971,2.25111097045566,-0.919563210156202,-1.76834355566535,-2.0098233720364,2.50524891551908,2.01385564369795
-2.73945089356645,-3.49756598828945,-0.092047244601307,4.66508473243617,-0.193799645009116,2.21761155608657,-1.51957807728636,-0.636379433660926,1.72094075480102,-0.83736431396823,2.24888666540877,1.72326135439502,-1.25040700354177,-2.09357849122884,4.46010935183151,-0.230225507201734,-0.0255412769520676,-0.15689897733792,-1.27101478682244,-1.84754084662613,1.07695160029114,-0.751483709999656
-3.1581706399246,2.2967544917216,-2.53904798078592,1.70939081338849,4.15287774954102,2.88212284073687,-0.514015320493058,-1.36248175808012,-2.97260266683712,-0.0549495002871369,-0.684008959544372,0.321891142201179,-1.26188651360094,1.91868403168829,1.28814503952461,3.10777457274094,4.1725725196285,0.255557996858596,-1.43341573064806,-0.50157166701728,0.884847506567486,-0.0769533279303628
-3.89788740902561,0.540309951695184,-0.979393751935243,1.0712566639273,-0.551872769956654,-3.01018883329152,-0.490235835060527,-2.57487459038872,3.00896669968439,-4.31868810613871,-0.00918436501693636,1.25302581476996,-2.88419220738178,4.88540007007568,-1.696223519893,-0.665247902677492,0.295398341479675,-0.652476182259461,-2.04067613390376,0.546733746567195,1.22188878461117,0.0604174757128416
-0.89556492637119,1.35745784573347,-1.256412784093,-2.45372287075326,-0.221442287037378,1.84464235267322,0.181315557786346,-0.0896830064067328,-4.98398569798968,3.44999881988697,-0.0111653552760099,-2.05804130488213,-0.367133787081196,0.942718381306816,-2.88483352878557,2.29288618291995,0.475437656406984,2.22685111010731,1.60419634995091,-0.933434221998244,0.38812581455391,1.05597225646852
-1.78429825551875,-2.85587298750179,-1.07582799229653,2.38856275582284,5.0420587616877,1.60283283101862,-2.01581425379654,0.92159504800779,1.88967050469756,1.4242562006691,-2.7784014750179,2.34426089196969,1.17968502083956,1.39772474627331,-0.844006259269205,1.58667685549313,0.0822132052647227,-0.2844838803945,1.92783592580933,0.86905448415081,2.24164356602419,1.69777997829878
-5.97878909781778,-0.865868229154307,-3.67111905148102,1.54431260266893,-1.0347238888572,2.99212158507204,-0.134248485641756,-0.209036458898695,0.486500406066356,-0.833745285606452,0.95420636532273,-2.53847890575634,1.23219360635041,-0.506024075775892,-1.43286687297678,-0.0350842392428573,3.52441483714289,-3.28419175289101,-0.993203723858247,-0.032212328485804,2.87174956650113,1.88698700927194
-0.575373534355375,-0.982276590957936,1.01206790495306,0.581935417799958,-1.92602821202303,1.67862546163812,0.19314139685869,1.3181704574656,-3.29647215556062,-1.81193878981621,-0.398045052652121,2.38995122413948,-0.953213037464588,-2.98965378892028,1.49661512889876,1.58717591949607,-2.2892577952106,3.80949040390698,2.55573943054344,-2.34358621688216,0.771206984977673,-0.0198447583503724
5.1023663606718,-4.32659405427607,0.321862478878333,-2.91903226461746,-1.05886785296116,-0.605076930098515,0.797193282844272,-1.38764308022703,-6.99395060538444,-0.206875870668649,-1.85295926716435,0.625600847635505,-1.41328699497625,2.53250685110112,0.163777873309875,1.96695443865919,-1.76032780699525,-0.230058631543055,1.2418794374871,0.363629596463773,2.59084050457261,1.08917941766694
2.32729518321643,-5.1848860268036,1.85224042744117,0.0183023865464516,2.66062931647179,-0.646909916881829,-2.77927387648006,0.607447811698256,-0.992214557413824,-2.36498024006524,-2.00261918652387,0.0257961796161264,4.55751770666105,0.238571298169456,-1.90351489097019,5.09846243011738,-0.868904889141319,-1.57639707120219,-2.13665108383851,-1.30046689388414,1.00386198111602,-0.538786849109404
3.72221385206243,1.98567893189118,1.69968106828008,0.331505669485249,0.478468071520981,0.579626355651263,0.67365539079386,0.199972735677824,1.49758652997133,-0.433674734098043,0.0963424598036985,-2.43366306277044,2.90874275146842,3.35578075619945,-3.50222155771509,-1.84244274078341,0.989122024590067,0.84088533643198,1.32367363163456,-0.846711705900249,-1.23961011003423,-0.242692842223421
-2.36520878548222,1.04899696318609,-3.77850116608344,1.66992721446355,2.36260113144131,-4.19586438760967,0.65168718616107,-0.307040189823809,-0.965386754531469,1.09007692136057,3.915564966323,4.00675931867262,-2.19324218773333,-0.630845085646821,0.322898982594707,1.14954280708844,-0.795620422394398,-4.27252356973077,-0.481116903564533,-2.00063073631674,-0.0342366785825834,-1.12042023133142
0.9346982670933,-2.00149230461248,-0.220797727517392,-1.88657747375559,-1.0862013227854,-0.574922047727588,1.52667978293085,1.60555118207288,-0.190981219003036,-2.88763561764832,3.05449526664807,-3.3638334398004,-2.10553307679673,-2.07954398707851,-1.7803570140033,-2.22204936423633,2.51413168911628,-0.0947720355231329,-0.815070646938507,1.48571438674412,-0.0700605092134861,-0.943524879761692
0.439036325284574,-3.1569376544374,-1.43965783364322,1.36931179644194,5.74263555666186,4.05129279490044,0.926550327914943,-0.0050145110608978,-4.63275902035625,-1.73620721377327,-0.619697061129199,1.17591216749648,0.113457739158504,0.112426136054628,3.503457189639,1.045810256971,-0.529642371823335,-0.787773629770404,0.189429875338746,-1.41377409634238,0.339251471660816,0.922010362097672
3.12246844898855,-0.594791669681396,-1.27033375038488,-2.22555764676418,2.87521085445249,-2.93520828154886,-0.267027236044605,0.958108988737884,0.111087775802247,0.61641786861452,-3.32321011059201,-0.92028465615569,-3.07092933237971,-2.31970731333057,2.26979272168537,1.10947143505407,0.252110395057539,-1.60549560328471,-0.472837865376778,-1.42608012879166,1.22537964617975,0.874343481026665
-0.465971720307937,1.78033006984152,0.665704798851678,-1.61246465758803,1.4703911895826,0.503039435278781,0.845149761129075,-1.06870522574431,-3.65103197895126,-0.225432614697574,0.51540622939764,3.63937130813794,-0.242600911420301,0.904312138308745,-0.226381958005269,5.73844746189069,2.45592603597039,-0.519530057786743,-0.48393309046085,-0.297194952058916,-0.217574907931548,0.404624972484001
0.341124780830597,-1.61473492357511,0.121811865296886,-1.81044359093797,-3.40486604933114,1.64233099493177,0.824594524385618,-1.10031817196648,2.88567155542422,-0.476673278894542,-1.03817973268834,-2.44064817039248,-0.099526123375036,-0.820007167680864,0.0945730145369432,0.750594564931584,1.67807061073592,0.563482277173325,1.57866890969996,1.78372123484551,1.39438859702626,-0.581939428153105
-6.99333926155744,-0.896632299602014,1.46611134465544,-2.87391023736168,-2.72971897615261,0.832385329008685,-1.21107863428568,-3.68849680135691,2.55658658542067,-1.99856771716514,1.14936823537539,0.995843302819918,2.68805325117696,0.906710600359639,1.16783053774993,3.69213659934574,-0.883077624295315,-3.21294751686858,-0.585827511980474,1.76219230088598,0.257403801029989,0.405509536277248
-2.76226314565252,2.45262389392694,-0.23007337484017,0.236240791714054,-1.15500258111985,2.2961945485818,1.37181135711911,2.44974817059426,-2.97558736288026,1.78061081955196,-1.24499495841106,-2.51243196449147,0.623036546796245,-0.346417099468462,1.44187852400359,4.81767869752437,1.88682986189321,-1.37556238525625,-0.0890826413901377,2.20822666437936,0.521240003411578,-0.986632012925566
2.29530206628178,-4.13340577623711,2.37876607457656,-0.883682857291477,-1.92659567111993,-3.03889480268035,-0.127603504707475,1.30557643434668,3.60234172550714,0.323612609187307,-0.310839831453773,-0.531820992330571,1.81285438871413,-3.49552799572049,0.485020200959175,2.72806115957603,2.01867397140292,0.787516743476747,-1.75488843159887,-1.35971908309723,-2.29632429891014,-1.4764503393589
-1.48554307092515,-3.49201193434065,0.212595941929811,3.17288610129459,-7.01501702634941,2.57028710311007,-0.454830202273464,-1.27130312640771,2.67820218161228,1.56394763724541,0.627302261199763,-2.07391313953295,-1.27082527815237,-4.3842102861905,3.62059828040396,0.293893238398557,-1.38838068941997,-3.94531504916911,-0.707752708933411,-0.893988526843345,-0.243719375247612,-0.423382954408107
-3.04030084031834,5.98316220496134,2.148557400882,-3.96703667234308,3.2455191888022,2.33588160101935,0.425704970115288,0.326612663992244,-0.0102891958122234,1.44811210610314,-2.99640974267289,-1.69942248816255,-2.01419261916324,-0.761091181629568,0.203250371648821,1.3842519655344,0.915990209129749,2.55850540767031,0.579447132557101,1.87720774905662,0.171055109777634,-0.182878784469413
3.05096229190572,-1.45416775810565,1.94447146498661,1.17361792170957,0.367521714789706,-2.20276839541758,0.964765252953763,0.519062697690746,-0.799717568608928,2.20007523933939,2.73997595869176,2.18486783710222,-4.79213418622806,-2.71812635090137,1.85811764173706,-2.11678319503921,0.853750151360188,0.445549588638431,2.29234793306937,-0.889277984500189,-1.06860714555076,-0.875754251977181
-0.0574520532103067,0.911747925628669,3.25371686804053,-0.452674482329446,0.883020222054149,-3.42196315138277,0.651211300717097,0.39230711446077,1.76518965172875,-0.970997294859029,4.5777520073365,-0.319791616382542,0.240071380453126,-0.263527720218231,1.6200193805209,-2.1633087347794,0.389010152079242,1.06921202332796,-2.01565658306682,0.425476044456577,-0.118323505370078,-1.88338657070114
-1.0947256712885,3.76943186151534,1.84531535916628,-4.42239445915726,2.82123806725402,0.839440026560296,-0.706319369872906,-0.597769254968251,-3.07092080366173,0.927831403354151,-4.2407395861094,-0.267946001443378,0.879929595817267,0.508780194711962,1.65228827164639,0.492613059134316,4.38207178418849,-1.56921178078181,2.50588501510283,-2.81387731413833,1.25493747767035,-0.15966141871773
-2.80147453851362,-2.40759958418853,-3.92193952408165,3.80513155945055,3.0033089140684,3.32375280375795,-0.909764525418968,-0.233948324466874,2.7150102355364,2.5008092200883,1.3770594969025,0.298507098263199,-2.31442171247594,0.82634371523731,-0.412405624930418,-2.10411329587165,2.89981360924288,-1.3991849331291,-0.0368051090981773,0.567637106713308,0.987453540991695,0.607738924325518
2.10740298913109,1.0115082255853,5.05998220734916,1.15344228496502,-1.39591745166513,0.448201924616413,0.816405412753839,-3.6460756194615,-0.0665454769333682,0.108789290349102,-0.539998614635208,0.184322024750494,-3.6813373496709,1.16974619440405,0.0465756881782094,-1.26890782198954,-5.37136408756722,-0.700051511188351,0.417561021656537,0.0570332806176856,-0.293323649153365,0.860761785017396
-1.58940020932777,0.65448915261317,-2.4077037581793,1.77517203868299,2.29578676349833,2.02319152136509,0.744170429789706,-0.94438709730876,-0.554498637436415,2.93017719409701,1.3705839094761,0.702011146348978,2.29013083583092,-2.26490241964555,-0.0231967040394582,3.3009620266367,-0.550872423435711,0.151177977889825,-0.561213497414303,1.88227236355737,0.779373330828027,1.9317416148275
0.620369441748357,0.0181229719373295,-1.81369506951643,-1.09637450556911,-4.80269291718798,0.636229131484451,1.08306551656653,-2.38687061562401,0.6001491965335,0.762238136901596,0.260197897286742,0.0597154847147212,3.04446054445192,0.614290536848034,2.64871729905441,0.773458296485948,0.898343388669988,-1.0182108779114,4.43811576556721,-0.135508949533444,0.196596388416902,0.351634294755508
-0.51202777910757,1.08195129200978,1.09332294280049,1.87396126261931,-2.61522208971665,-0.0847463149104713,1.63346206737201,-0.714462318001738,-0.65485138378022,1.46071372799933,-1.46864976073189,2.83571321670154,0.848745004016015,0.494600380483972,-3.00033647968884,-0.704851227632306,3.88254300634181,-0.484186274948503,1.19069282505994,-1.50669991498914,1.28642595392916,2.51876160626571
-3.57061852727472,1.91121103113654,3.73447892325095,-3.95895093716543,2.62406176473161,1.11517050652963,-0.770955214929049,2.84256485026729,-2.37240283759812,-0.271305162783909,1.97025907764108,-2.57771268900955,2.02989130391111,-0.0342204154091515,2.31380099426133,0.335566671793575,-1.42353990212541,-2.5234719684985,-2.58324964548714,-0.468904220011659,1.10267232831472,0.559241622518914
-4.57808761589223,-4.12593058798861,4.9341993678562,-0.474192217158347,3.94744628186698,3.97467783879914,-0.252912283803358,-0.511015259226331,0.205739926287541,1.59268651743455,1.98828662039002,-5.00908137547681,-0.0750812003989454,1.72310754341714,-0.420758523807922,0.417488308612993,1.57938628398343,-0.41393272403199,1.92990359507527,0.33880956764675,-0.201944798284801,-0.0813162571779384
-2.9102812745164,-0.215989518702744,1.58098872909688,0.453331628939213,-3.78409257367068,-4.16533395631169,-0.389256926768813,1.29044910881381,-1.08411132418294,0.927319460800291,2.0159444302174,2.56458005626936,1.16985065647267,1.42950243430254,-2.94203673591844,-0.560260105353158,1.66683174833642,0.877965980485501,-1.49827218362536,0.63223508004532,1.23231467461287,-1.85613537701059
0.108474407909612,3.30822819029842,-0.0554213621518703,-0.990076901991247,-0.718933826466722,-2.11874010780898,1.3749190769044,0.401498296156792,-1.42461733674262,0.953863242433402,2.40724112667066,-0.976179523533984,-0.5345951693723,-0.0568688989276019,-3.79002636504053,0.630061663137838,0.107431787733712,-0.449769989403614,-1.56295948051564,1.97063848917985,2.35486997720649,2.60782588389738
-0.947613260034203,0.303379915228741,5.3565906522763,-1.52749552264508,-2.01264115209701,0.28088406230375,-0.348595039738492,-0.976564039924661,0.960239874910546,0.537721512795391,-2.96041793464981,-3.39277134048357,1.08843298596848,-2.64347316399745,-1.84318015372879,3.49215871273,0.118622240391359,-1.02697676264546,1.1509000926268,2.19562903561058,1.45876414735695,1.74283131044291
2.68181320423251,-2.72355916718307,-1.60559506485785,0.797848175004554,-4.19173838531886,-1.34567310322465,0.38799962522967,0.080711908849072,0.201222166137425,0.422731283756457,2.16680407971565,-0.209382105263687,-1.52629445158844,-0.766065025487258,-0.381224339110542,-0.402488906099318,2.82315031140243,1.08340249798632,3.23514746727792,2.1316398796469,0.117017621217815,0.912356841284108
4.54388725389845,-3.4161976296498,-1.75286548916332,-1.41844048868083,-0.885012606980492,-0.748139904249158,0.9413781645087,-1.66282044585852,-1.17310699407626,-1.30398257026763,-0.89404805900876,-1.37603391255831,2.43555671169458,2.40238505676282,0.553884951741465,-4.01203997784086,5.65979067956557,1.87303299151911,2.66855448995477,-2.83450191424768,1.85352508577207,1.23404069699139
-0.957284522906398,1.93322525665321,0.966363255563942,1.56081591964509,1.72521100815417,-1.23704480280436,-0.403786220971622,-1.81766062395813,2.77118894462232,-4.61873873271065,-0.81078365940684,1.9347387354325,-0.450466104866347,4.38150881756515,1.56849983728013,-2.60608059789607,-0.152328690224937,-0.0301085654265404,0.22506110656594,-1.09500454472988,1.32357888555446,1.28957998529574
-1.35812366811523,-0.632803676756651,2.3437709196772,2.8943595727072,-1.7319489680708,0.26137019636332,-1.19060176879516,-1.41155718137558,-1.48653185511004,-3.12000927971384,-5.32484314474641,1.89228563694536,0.748237842788414,-2.401745022619,1.8173914778053,5.46703930570119,-4.83207191476123,2.10534498330545,1.89257190634398,0.198197391097043,1.8410125897658,1.00241651066247
-1.49712426969043,-2.80060068064389,-2.22567352415394,-1.63306766602748,-6.17953531974187,-1.59303702203585,0.816227012720456,-1.48127837653991,4.24146876372813,-0.117215161457582,0.361626198309365,1.16920401470195,-1.8066638823627,-2.23210031176112,-0.828786081111058,5.34166647215795,0.78154830132715,-0.210442162171414,-2.03429698228671,-0.28954246743899,1.56902932908744,1.10689576192767
1.00683431539459,-0.896090065716998,-2.24485693116166,-2.42929141106866,-0.63329297657426,0.969957318413367,1.1090099782273,-2.21456563017448,-2.03817624386905,-4.85069919588111,0.338841037867209,1.76885027028424,0.520944602239043,3.78647560539449,1.13669553505487,-1.65423262549675,2.7636768736581,0.854420601213783,1.09851048471522,-1.50206842130283,3.26223995846205,1.25869091260363
0.553435149752812,-2.75508378970957,0.0141974408968251,3.56008707606321,-1.00631995119857,1.21911003020487,0.830260128262589,-2.23497064277571,-2.51528742100409,-2.14968353305983,1.43380774388228,0.502068380766191,2.56367073695049,-2.92368130388988,-0.704648234313486,-4.95778210722098,3.20543164169763,2.17554336017571,-0.542739493894812,0.0469529888121655,-1.94461355378475,-0.408187706400642
0.407691554971258,4.85310959950536,0.22232150188742,1.09366635634146,2.28549506092471,2.45061417624023,-1.72455250817012,1.6577918546745,-1.75211858652112,-0.0433110042047263,-4.79778912228989,0.713013604310943,-1.75463491929124,-6.12346251961206,-3.10317636505794,-3.41335277433796,1.13277703072259,0.684412899771468,1.44786792580126,-0.620868158831279,0.72444850465325,-0.190428780412571
0.530046881537592,1.12504757636389,-0.181463698217533,-2.83648415815558,3.39765400189067,4.52144476506643,2.1348848540839,1.69442510739396,-0.302759694586021,-0.293695521812259,-0.713894148196129,-0.583510143659381,-0.0513045055286479,-5.87984156290917,0.0489394537295937,0.885899189697642,-1.76688406526991,-3.20301554198044,-0.466972990731425,-5.37726792627059,1.50788091867188,0.281620570944345
4.15751997536543,1.79535458783103,-2.47385444599194,0.041674455199492,-0.517561489369844,-4.27366766063645,-0.467363830874183,2.14212630087234,-3.03078886355773,-1.77479050575431,-2.001662240976,3.01918168586339,-0.230923079845611,1.60173242965043,1.54416263422995,-1.19421514928335,-2.05016822041917,0.427885262419632,-0.0441846027392634,2.92833867059874,-1.05928849545389,-0.781402460068624
-1.24683436880083,-0.51745643164521,1.88234732647217,-1.66895299851714,0.2323952326818,2.06764652006748,-0.714171908898053,-2.00340605104663,1.65897393987074,-0.630261624304573,-4.9588145371256,0.865055449545817,0.327337043556632,-4.41446490687935,-0.95096976513846,0.452875951241892,-0.998667000347881,1.07537529591475,-2.55917145029345,-1.5656158871249,1.9796886132579,2.26847705179784
-0.690704846969067,3.64368058491923,-0.429352035545238,-2.63564456810596,4.48793753703244,-0.782281040079732,0.599911358831534,1.90228560367783,0.89102868502594,3.07632270157478,-2.23756939052135,3.83321418434941,-3.46207315870437,-3.12926939658423,-1.13608172362529,0.468962632987376,-0.91546610471773,1.05159999327675,0.632043120077137,1.13114218948839,-0.51459089999535,-1.19746559388965
3.74733462586599,-3.44597214360256,2.58288349359075,-0.654004810624455,-2.21137892470352,-4.04084446202095,-0.585086305271023,0.0559375338619901,-4.53277505822464,-0.822348271491523,1.70322285375954,-2.96840313699286,0.188492841817181,-3.71894245633105,0.019368170152986,3.18120918454739,-3.99153901834866,4.42062700477755,-1.29119651286197,2.16734208822364,-0.00173235016392059,0.353771360299624
5.13975705390403,-2.58434567708907,-1.79945088049119,2.6055753663921,-2.63209233651404,-2.94568590636569,2.30378112989024,3.48655317856668,-1.1115408367953,5.39805058373702,4.81828685388956,-0.263557314976584,-1.44963605763462,-2.60605723379904,2.71585614775696,0.866187311333152,1.26719264850023,0.0582916263293931,0.851647669231477,-0.522583637107447,-1.59444192429577,-0.687216293869749
1.39416272861776,-1.1148641229038,4.92882362786739,1.47195604544666,2.66103257999664,3.076651580089,0.053767346683674,-3.40680671953215,-2.41931387261357,1.37207971053687,2.7803859443712,0.290078523027612,1.45300911284931,2.23508017782925,1.8806105721543,1.29368795275154,-0.447001692655496,1.78930154229716,-1.06142366364456,0.349892900977142,2.05887292781596,0.178661924211987
-1.85199041573401,1.06497952378852,1.19057001319153,-0.292953115790142,-0.0457418155657053,0.689680078208378,-1.37631882601027,1.38167342174683,0.258864773813709,1.27773019344164,-0.706856479904493,-4.70315954103267,1.26716801399764,-1.09199984183177,1.09343409099526,5.54685889584269,-2.27908645549602,2.3759051199254,-1.03743874082845,-0.467320520507669,0.211817990104885,0.379974074558306
-1.63936332899616,-1.23781541277213,-2.90749526828539,0.330276996661354,1.4643169099605,-0.359751975431802,-1.94004827834219,-0.881034705277066,1.23530741638348,-1.7070152919868,-1.50058866301672,-2.8196170933937,1.07142766509448,-1.86854339396137,6.01308136043919,3.17661214260682,-0.341022719392584,-0.0353752656743538,-1.41088388335583,0.341827704718137,0.626356652774065,0.0253098648360022
0.106199000048298,-4.48842232807541,-4.7167812532914,1.53984366991396,-6.90156041139485,-1.11225046481969,1.77488895013536,-2.94097284414113,0.647251170378259,3.71913002433284,1.3018140372135,3.09158968275864,-1.83307398307694,1.81614371525825,0.341347057761195,3.79018349651321,4.69574335271166,0.203262778533054,1.79520062495863,-0.722398915659613,-1.5949854534135,-3.01811846603558
-1.23879011541016,-1.49081106990513,-3.48657158120585,0.179233594086224,-0.163698199283123,1.68898501129349,-0.371558105771616,-1.84666230800741,-0.531625963749688,4.35475112243509,1.10780959306672,0.604740545751733,1.91127159306299,5.35754031487139,3.21394168381829,-1.42928853633856,-0.201107906316616,-0.736102725769096,-0.589297334110452,0.584561831346588,1.64312898020726,-2.40118837495389
-0.498877354136381,-3.00370573349492,-0.612967354290737,3.726400313323,5.46632693328633,-1.07559914554608,0.914468231561415,-0.191408155856813,-0.352238396480039,-1.60026937190732,-4.26654294507296,4.37405738984317,1.51691699807726,-5.50540700364539,-0.657213828857823,4.49483137480208,0.206948137910058,0.363239442958195,1.43945128683121,1.77274343425775,0.857761389041096,1.03592225483463
1.30593281657645,1.00811245509955,3.72587120578455,4.38740434506029,0.607348482881059,-0.705960653420369,0.153360275041374,0.661785244021838,-1.97227537379079,1.51736367382311,-3.57526088339926,5.36905416066604,-4.67141099151046,0.355181284058311,-0.111018703964017,1.37135226055896,-0.773983660680848,4.43725036703887,-0.149022695286646,0.0825822487487296,2.62392240641716,-0.797966123337148
2.0734083280483,1.82431992002855,0.477473089653293,-0.431889085400525,-0.676076809355061,-3.44046715889886,0.760829127395937,0.927925970846405,-2.67830391500178,-0.438979142836929,3.50849356576946,3.12598682280635,-2.25435522875323,2.48513582678939,0.268011097422176,1.19787188452924,-1.61990408825226,-0.343308377007641,-3.20934515380165,-1.17448425451651,0.56727100474297,0.1759169374466
-0.362917156589554,3.40813695710977,-2.66494640165115,0.783607102040709,0.321616520426921,-3.38267690153179,0.279044552319609,2.85008323107347,2.65865098031465,2.69185555641925,-0.477345384838095,2.37413265513575,-4.43460978703919,-3.68847408586729,-0.315358098007777,0.505664297116387,0.996877728418283,1.35401577092432,-0.694734788445405,-0.784788874172424,2.41156712423086,1.03473653632616
-0.226125517078022,-1.36581767257768,-0.277320851247333,2.26649635319459,1.43801038117227,-0.931693375721594,-0.696019648732054,-0.0504113675800197,-0.32882170859405,2.90317022369797,-5.98581758560371,-2.30262016623849,1.21905720764724,2.18480314599878,-1.2104428977258,-0.379045018191855,3.43096867016416,-1.98573381386602,3.03876219858294,0.674699854104565,0.380835380276659,0.120794141502315
2.68083139060864,-1.25195008194824,-2.79938821434055,1.03718160469132,1.31051174023554,-0.839795306358902,-0.664138175508908,2.65874494620385,-3.26630516817804,3.40672173874858,-1.45473049765693,-4.48365291994545,4.2254070665292,1.30062466788499,-1.96630830511517,-0.869853032328673,-1.42354544636976,0.684482654329135,0.634659587282446,-1.85186910191921,1.01041952299917,-0.572167839912413
-0.147023356622894,-1.69528637942863,1.63057123803737,1.55357016820835,-0.0512971729596817,-1.94898966700442,-0.643587562095888,-1.87111877710173,2.32182949029061,3.21536886684459,0.204812527467681,0.840636260190686,-0.413220886805927,0.793894353211089,3.5592463792761,0.928620188685368,2.51136852811166,0.437463509252804,-2.38253260794078,-2.17231996075531,-0.149804226497898,0.105276974063527
-2.16228128408111,-0.144516571806399,-0.225481553589423,3.07998904528665,-4.76853624601548,-2.40624111008334,-2.0783417852998,0.815558760246107,-0.837435376905653,-4.35158911774619,-2.0066104668204,-2.3417854739507,0.552412200715338,2.02747298671877,-2.42831945352508,3.42753932840749,0.878490257492065,0.419496265744775,0.269874105239942,0.683079102659658,1.16744352342662,1.68566641222432
